"ID","Constituency ID","Name","Alias","Date Created","Last Updated"
"1","1","Port Reitz","","23/08/2021","23/08/2021"
"2","1","Kipevu","","23/08/2021","23/08/2021"
"3","1","Airport","","23/08/2021","23/08/2021"
"4","1","Changamwe","","23/08/2021","23/08/2021"
"5","1","Chaani","","23/08/2021","23/08/2021"
"6","2","Jomvu Kuu","","23/08/2021","23/08/2021"
"7","2","Miritini","","23/08/2021","23/08/2021"
"8","2","Mikindani","","23/08/2021","23/08/2021"
"9","3","Mjambere","","23/08/2021","23/08/2021"
"10","3","Junda","","23/08/2021","23/08/2021"
"11","3","Bamburi","","23/08/2021","23/08/2021"
"12","3","Mwakirunge","","23/08/2021","23/08/2021"
"13","3","Mtopanga","","23/08/2021","23/08/2021"
"14","3","Magogoni","","23/08/2021","23/08/2021"
"15","3","Shanzu","","23/08/2021","23/08/2021"
"16","4","Frere Town","","23/08/2021","23/08/2021"
"17","4","Ziwa La Ng'ombe","","23/08/2021","23/08/2021"
"18","4","Mkomani","","23/08/2021","23/08/2021"
"19","4","Kongowea","","23/08/2021","23/08/2021"
"20","4","Kadzandani","","23/08/2021","23/08/2021"
"21","5","Mtongwe","","23/08/2021","23/08/2021"
"22","5","Shika Adabu","","23/08/2021","23/08/2021"
"23","5","Bofu","","23/08/2021","23/08/2021"
"24","5","Likoni","","23/08/2021","23/08/2021"
"25","5","Timbwani","","23/08/2021","23/08/2021"
"26","6","Mji Wa Kale/makadara","","23/08/2021","23/08/2021"
"27","6","Tudor","","23/08/2021","23/08/2021"
"28","6","Tononoka","","23/08/2021","23/08/2021"
"29","6","Shimanzi/ganjoni","","23/08/2021","23/08/2021"
"30","6","Majengo","","23/08/2021","23/08/2021"
"31","7","Gombatobongwe","","23/08/2021","23/08/2021"
"32","7","Ukunda","","23/08/2021","23/08/2021"
"33","7","Kinondo","","23/08/2021","23/08/2021"
"34","7","Ramisi","","23/08/2021","23/08/2021"
"35","8","Pongwekikoneni","","23/08/2021","23/08/2021"
"36","8","Dzombo","","23/08/2021","23/08/2021"
"37","8","Mwereni","","23/08/2021","23/08/2021"
"38","8","Vanga","","23/08/2021","23/08/2021"
"39","9","Tsimba Golini","","23/08/2021","23/08/2021"
"40","9","Waa","","23/08/2021","23/08/2021"
"41","9","Tiwi","","23/08/2021","23/08/2021"
"42","9","Kubo South","","23/08/2021","23/08/2021"
"43","9","Mkongani","","23/08/2021","23/08/2021"
"44","10","Nadavaya","","23/08/2021","23/08/2021"
"45","10","Puma","","23/08/2021","23/08/2021"
"46","10","Kinango","","23/08/2021","23/08/2021"
"47","10","Mackinnon-road","","23/08/2021","23/08/2021"
"48","10","Chengoni/samburu","","23/08/2021","23/08/2021"
"49","10","Mwavumbo","","23/08/2021","23/08/2021"
"50","10","Kasemeni","","23/08/2021","23/08/2021"
"51","11","Tezo","","23/08/2021","23/08/2021"
"52","11","Sokoni","","23/08/2021","23/08/2021"
"53","11","Kibarani","","23/08/2021","23/08/2021"
"54","11","Dabaso","","23/08/2021","23/08/2021"
"55","11","Matsangoni","","23/08/2021","23/08/2021"
"56","11","Watamu","","23/08/2021","23/08/2021"
"57","11","Mnarani","","23/08/2021","23/08/2021"
"58","12","Junju","","23/08/2021","23/08/2021"
"59","12","Mwarakaya","","23/08/2021","23/08/2021"
"60","12","Shimo La Tewa","","23/08/2021","23/08/2021"
"61","12","Chasimba","","23/08/2021","23/08/2021"
"62","12","Mtepeni","","23/08/2021","23/08/2021"
"63","13","Mariakani","","23/08/2021","23/08/2021"
"64","13","Kayafungo","","23/08/2021","23/08/2021"
"65","13","Kaloleni","","23/08/2021","23/08/2021"
"66","13","Mwanamwinga","","23/08/2021","23/08/2021"
"67","14","Mwawesa","","23/08/2021","23/08/2021"
"68","14","Ruruma","","23/08/2021","23/08/2021"
"69","14","Kambe/ribe","","23/08/2021","23/08/2021"
"70","14","Rabai/kisurutini","","23/08/2021","23/08/2021"
"71","15","Ganze","","23/08/2021","23/08/2021"
"72","15","Bamba","","23/08/2021","23/08/2021"
"73","15","Jaribuni","","23/08/2021","23/08/2021"
"74","15","Sokoke","","23/08/2021","23/08/2021"
"75","16","Jilore","","23/08/2021","23/08/2021"
"76","16","Kakuyuni","","23/08/2021","23/08/2021"
"77","16","Ganda","","23/08/2021","23/08/2021"
"78","16","Malindi Town","","23/08/2021","23/08/2021"
"79","16","Shella","","23/08/2021","23/08/2021"
"80","17","Marafa","","23/08/2021","23/08/2021"
"81","17","Magarini","","23/08/2021","23/08/2021"
"82","17","Gongoni","","23/08/2021","23/08/2021"
"83","17","Adu","","23/08/2021","23/08/2021"
"84","17","Garashi","","23/08/2021","23/08/2021"
"85","17","Sabaki","","23/08/2021","23/08/2021"
"86","18","Kipini East","","23/08/2021","23/08/2021"
"87","18","Garsen South","","23/08/2021","23/08/2021"
"88","18","Kipini West","","23/08/2021","23/08/2021"
"89","18","Garsen Central","","23/08/2021","23/08/2021"
"90","18","Garsen West","","23/08/2021","23/08/2021"
"91","18","Garsen North","","23/08/2021","23/08/2021"
"92","19","Kinakomba","","23/08/2021","23/08/2021"
"93","19","Mikinduni","","23/08/2021","23/08/2021"
"94","19","Chewani","","23/08/2021","23/08/2021"
"95","19","Wayu","","23/08/2021","23/08/2021"
"96","20","Chewele","","23/08/2021","23/08/2021"
"97","20","Bura","","23/08/2021","23/08/2021"
"98","20","Bangale","","23/08/2021","23/08/2021"
"99","20","Sala","","23/08/2021","23/08/2021"
"100","20","Madogo","","23/08/2021","23/08/2021"
"101","21","Faza","","23/08/2021","23/08/2021"
"102","21","Kiunga","","23/08/2021","23/08/2021"
"103","21","Basuba","","23/08/2021","23/08/2021"
"104","22","Shella","","23/08/2021","23/08/2021"
"105","22","Mkomani","","23/08/2021","23/08/2021"
"106","22","Hindi","","23/08/2021","23/08/2021"
"107","22","Mkunumbi","","23/08/2021","23/08/2021"
"108","22","Hongwe","","23/08/2021","23/08/2021"
"109","22","Witu","","23/08/2021","23/08/2021"
"110","22","Bahari","","23/08/2021","23/08/2021"
"111","23","Chala","","23/08/2021","23/08/2021"
"112","23","Mahoo","","23/08/2021","23/08/2021"
"113","23","Bomeni","","23/08/2021","23/08/2021"
"114","23","Mboghoni","","23/08/2021","23/08/2021"
"115","23","Mata","","23/08/2021","23/08/2021"
"116","24","Wundanyi/mbale","","23/08/2021","23/08/2021"
"117","24","Werugha","","23/08/2021","23/08/2021"
"118","24","Wumingu/kishushe","","23/08/2021","23/08/2021"
"119","24","Mwanda/mgange","","23/08/2021","23/08/2021"
"120","25","Rong'e","","23/08/2021","23/08/2021"
"121","25","Mwatate","","23/08/2021","23/08/2021"
"122","25","Bura","","23/08/2021","23/08/2021"
"123","25","Chawia","","23/08/2021","23/08/2021"
"124","25","Wusi/kishamba","","23/08/2021","23/08/2021"
"125","26","Mbololo","","23/08/2021","23/08/2021"
"126","26","Sagalla","","23/08/2021","23/08/2021"
"127","26","Kaloleni","","23/08/2021","23/08/2021"
"128","26","Marungu","","23/08/2021","23/08/2021"
"129","26","Kasigau","","23/08/2021","23/08/2021"
"130","26","Ngolia","","23/08/2021","23/08/2021"
"131","27","Waberi","","23/08/2021","23/08/2021"
"132","27","Galbet","","23/08/2021","23/08/2021"
"133","27","Township","","23/08/2021","23/08/2021"
"134","27","Iftin","","23/08/2021","23/08/2021"
"135","28","Balambala","","23/08/2021","23/08/2021"
"136","28","Danyere","","23/08/2021","23/08/2021"
"137","28","Jara Jara","","23/08/2021","23/08/2021"
"138","28","Saka","","23/08/2021","23/08/2021"
"139","28","Sankuri","","23/08/2021","23/08/2021"
"140","29","Modogashe","","23/08/2021","23/08/2021"
"141","29","Benane","","23/08/2021","23/08/2021"
"142","29","Goreale","","23/08/2021","23/08/2021"
"143","29","Maalimin","","23/08/2021","23/08/2021"
"144","29","Sabena","","23/08/2021","23/08/2021"
"145","29","Baraki","","23/08/2021","23/08/2021"
"146","30","Dertu","","23/08/2021","23/08/2021"
"147","30","Dadaab","","23/08/2021","23/08/2021"
"148","30","Labasigale","","23/08/2021","23/08/2021"
"149","30","Damajale","","23/08/2021","23/08/2021"
"150","30","Liboi","","23/08/2021","23/08/2021"
"151","30","Abakaile","","23/08/2021","23/08/2021"
"152","31","Bura","","23/08/2021","23/08/2021"
"153","31","Dekaharia","","23/08/2021","23/08/2021"
"154","31","Jarajila","","23/08/2021","23/08/2021"
"155","31","Fafi","","23/08/2021","23/08/2021"
"156","31","Nanighi","","23/08/2021","23/08/2021"
"157","32","Hulugho","","23/08/2021","23/08/2021"
"158","32","Sangailu","","23/08/2021","23/08/2021"
"159","32","Ijara","","23/08/2021","23/08/2021"
"160","32","Masalani","","23/08/2021","23/08/2021"
"161","33","Gurar","","23/08/2021","23/08/2021"
"162","33","Bute","","23/08/2021","23/08/2021"
"163","33","Korondile","","23/08/2021","23/08/2021"
"164","33","Malkagufu","","23/08/2021","23/08/2021"
"165","33","Batalu","","23/08/2021","23/08/2021"
"166","33","Danaba","","23/08/2021","23/08/2021"
"167","33","Godoma","","23/08/2021","23/08/2021"
"168","34","Wagberi","","23/08/2021","23/08/2021"
"169","34","Township","","23/08/2021","23/08/2021"
"170","34","Barwago","","23/08/2021","23/08/2021"
"171","34","Khorof/harar","","23/08/2021","23/08/2021"
"172","35","Elben","","23/08/2021","23/08/2021"
"173","35","Sarman","","23/08/2021","23/08/2021"
"174","35","Tarbaj","","23/08/2021","23/08/2021"
"175","35","Wargadud","","23/08/2021","23/08/2021"
"176","36","Arbajahan","","23/08/2021","23/08/2021"
"177","36","Hadado/athibohol","","23/08/2021","23/08/2021"
"178","36","Ademasajide","","23/08/2021","23/08/2021"
"179","36","Wagalla/ganyure","","23/08/2021","23/08/2021"
"180","37","Eldas","","23/08/2021","23/08/2021"
"181","37","Della","","23/08/2021","23/08/2021"
"182","37","Lakoley South/basir","","23/08/2021","23/08/2021"
"183","37","Elnur/tula Tula","","23/08/2021","23/08/2021"
"184","38","Benane","","23/08/2021","23/08/2021"
"185","38","Burder","","23/08/2021","23/08/2021"
"186","38","Dadaja Bulla","","23/08/2021","23/08/2021"
"187","38","Habasswein","","23/08/2021","23/08/2021"
"188","38","Lagboghol South","","23/08/2021","23/08/2021"
"189","38","Ibrahim Ure","","23/08/2021","23/08/2021"
"190","38","Diif","","23/08/2021","23/08/2021"
"191","39","Takaba South","","23/08/2021","23/08/2021"
"192","39","Takaba","","23/08/2021","23/08/2021"
"193","39","Lag Sure","","23/08/2021","23/08/2021"
"194","39","Dandu","","23/08/2021","23/08/2021"
"195","39","Gither","","23/08/2021","23/08/2021"
"196","40","Banissa","","23/08/2021","23/08/2021"
"197","40","Derkhale","","23/08/2021","23/08/2021"
"198","40","Guba","","23/08/2021","23/08/2021"
"199","40","Malkamari","","23/08/2021","23/08/2021"
"200","40","Kiliwehiri","","23/08/2021","23/08/2021"
"201","41","Ashabito","","23/08/2021","23/08/2021"
"202","41","Guticha","","23/08/2021","23/08/2021"
"203","41","Morothile","","23/08/2021","23/08/2021"
"204","41","Rhamu","","23/08/2021","23/08/2021"
"205","41","Rhamu-dimtu","","23/08/2021","23/08/2021"
"206","42","Wargudud","","23/08/2021","23/08/2021"
"207","42","Kutulo","","23/08/2021","23/08/2021"
"208","42","Elwak South","","23/08/2021","23/08/2021"
"209","42","Elwak North","","23/08/2021","23/08/2021"
"210","42","Shimbir Fatuma","","23/08/2021","23/08/2021"
"211","43","Arabia","","23/08/2021","23/08/2021"
"212","43","Bulla Mpya","","23/08/2021","23/08/2021"
"213","43","Khalalio","","23/08/2021","23/08/2021"
"214","43","Neboi","","23/08/2021","23/08/2021"
"215","43","Township","","23/08/2021","23/08/2021"
"216","44","Libehia","","23/08/2021","23/08/2021"
"217","44","Fino","","23/08/2021","23/08/2021"
"218","44","Lafey","","23/08/2021","23/08/2021"
"219","44","Warankara","","23/08/2021","23/08/2021"
"220","44","Alungo Gof","","23/08/2021","23/08/2021"
"221","45","Butiye","","23/08/2021","23/08/2021"
"222","45","Sololo","","23/08/2021","23/08/2021"
"223","45","Heilu-manyatta","","23/08/2021","23/08/2021"
"224","45","Golbo","","23/08/2021","23/08/2021"
"225","45","Moyale Township","","23/08/2021","23/08/2021"
"226","45","Uran","","23/08/2021","23/08/2021"
"227","45","Obbu","","23/08/2021","23/08/2021"
"228","46","Illeret","","23/08/2021","23/08/2021"
"229","46","North Horr","","23/08/2021","23/08/2021"
"230","46","Dukana","","23/08/2021","23/08/2021"
"231","46","Maikona","","23/08/2021","23/08/2021"
"232","46","Turbi","","23/08/2021","23/08/2021"
"233","47","Sagante/jaldesa","","23/08/2021","23/08/2021"
"234","47","Karare","","23/08/2021","23/08/2021"
"235","47","Marsabit Central","","23/08/2021","23/08/2021"
"236","48","Loiyangalani","","23/08/2021","23/08/2021"
"237","48","Kargi/south Horr","","23/08/2021","23/08/2021"
"238","48","Korr/ngurunit","","23/08/2021","23/08/2021"
"239","48","Log Logo","","23/08/2021","23/08/2021"
"240","48","Laisamis","","23/08/2021","23/08/2021"
"241","49","Wabera","","23/08/2021","23/08/2021"
"242","49","Bulla Pesa","","23/08/2021","23/08/2021"
"243","49","Chari","","23/08/2021","23/08/2021"
"244","49","Cherab","","23/08/2021","23/08/2021"
"245","49","Ngare Mara","","23/08/2021","23/08/2021"
"246","49","Burat","","23/08/2021","23/08/2021"
"247","49","Oldonyiro","","23/08/2021","23/08/2021"
"248","50","Garbatulla","","23/08/2021","23/08/2021"
"249","50","Kinna","","23/08/2021","23/08/2021"
"250","50","Sericho","","23/08/2021","23/08/2021"
"251","51","Maua","","23/08/2021","23/08/2021"
"252","51","Kiegoi/antubochiu","","23/08/2021","23/08/2021"
"253","51","Athiru Gaiti","","23/08/2021","23/08/2021"
"254","51","Akachiu","","23/08/2021","23/08/2021"
"255","51","Kanuni","","23/08/2021","23/08/2021"
"256","52","Akirang'ondu","","23/08/2021","23/08/2021"
"257","52","Athiru Ruujine","","23/08/2021","23/08/2021"
"258","52","Igembe East","","23/08/2021","23/08/2021"
"259","52","Njia","","23/08/2021","23/08/2021"
"260","52","Kangeta","","23/08/2021","23/08/2021"
"261","53","Antuambui","","23/08/2021","23/08/2021"
"262","53","Ntunene","","23/08/2021","23/08/2021"
"263","53","Antubetwe Kiongo","","23/08/2021","23/08/2021"
"264","53","Naathu","","23/08/2021","23/08/2021"
"265","53","Amwathi","","23/08/2021","23/08/2021"
"266","54","Athwana","","23/08/2021","23/08/2021"
"267","54","Akithii","","23/08/2021","23/08/2021"
"268","54","Kianjai","","23/08/2021","23/08/2021"
"269","54","Nkomo","","23/08/2021","23/08/2021"
"270","54","Mbeu","","23/08/2021","23/08/2021"
"271","55","Thangatha","","23/08/2021","23/08/2021"
"272","55","Mikinduri","","23/08/2021","23/08/2021"
"273","55","Kiguchwa","","23/08/2021","23/08/2021"
"274","55","Muthara","","23/08/2021","23/08/2021"
"275","55","Karama","","23/08/2021","23/08/2021"
"276","56","Municipality","","23/08/2021","23/08/2021"
"277","56","Ntima East","","23/08/2021","23/08/2021"
"278","56","Ntima West","","23/08/2021","23/08/2021"
"279","56","Nyaki West","","23/08/2021","23/08/2021"
"280","56","Nyaki East","","23/08/2021","23/08/2021"
"281","57","Timau","","23/08/2021","23/08/2021"
"282","57","Kisima","","23/08/2021","23/08/2021"
"283","57","Kiirua/naari","","23/08/2021","23/08/2021"
"284","57","Ruiri/rwarera","","23/08/2021","23/08/2021"
"285","57","Kibirichia","","23/08/2021","23/08/2021"
"286","58","Mwanganthia","","23/08/2021","23/08/2021"
"287","58","Abothuguchi Central","","23/08/2021","23/08/2021"
"288","58","Abothuguchi West","","23/08/2021","23/08/2021"
"289","58","Kiagu","","23/08/2021","23/08/2021"
"290","59","Mitunguu","","23/08/2021","23/08/2021"
"291","59","Igoji East","","23/08/2021","23/08/2021"
"292","59","Igoji West","","23/08/2021","23/08/2021"
"293","59","Abogeta East","","23/08/2021","23/08/2021"
"294","59","Abogeta West","","23/08/2021","23/08/2021"
"295","59","Nkuene","","23/08/2021","23/08/2021"
"296","60","Mitheru","","23/08/2021","23/08/2021"
"297","60","Muthambi","","23/08/2021","23/08/2021"
"298","60","Mwimbi","","23/08/2021","23/08/2021"
"299","60","Ganga","","23/08/2021","23/08/2021"
"300","60","Chogoria","","23/08/2021","23/08/2021"
"301","61","Mariani","","23/08/2021","23/08/2021"
"302","61","Karingani","","23/08/2021","23/08/2021"
"303","61","Magumoni","","23/08/2021","23/08/2021"
"304","61","Mugwe","","23/08/2021","23/08/2021"
"305","61","Igambang'ombe","","23/08/2021","23/08/2021"
"306","62","Gatunga","","23/08/2021","23/08/2021"
"307","62","Mukothima","","23/08/2021","23/08/2021"
"308","62","Nkondi","","23/08/2021","23/08/2021"
"309","62","Chiakariga","","23/08/2021","23/08/2021"
"310","62","Marimanti","","23/08/2021","23/08/2021"
"311","63","Ruguru/ngandori","","23/08/2021","23/08/2021"
"312","63","Kithimu","","23/08/2021","23/08/2021"
"313","63","Nginda","","23/08/2021","23/08/2021"
"314","63","Mbeti North","","23/08/2021","23/08/2021"
"315","63","Kirimari","","23/08/2021","23/08/2021"
"316","63","Gaturi South","","23/08/2021","23/08/2021"
"317","64","Gaturi North","","23/08/2021","23/08/2021"
"318","64","Kagaari South","","23/08/2021","23/08/2021"
"319","64","Central  Ward","","23/08/2021","23/08/2021"
"320","64","Kagaari North","","23/08/2021","23/08/2021"
"321","64","Kyeni North","","23/08/2021","23/08/2021"
"322","64","Kyeni South","","23/08/2021","23/08/2021"
"323","65","Mwea","","23/08/2021","23/08/2021"
"324","65","Makima","","23/08/2021","23/08/2021"
"325","65","Mbeti South","","23/08/2021","23/08/2021"
"326","65","Mavuria","","23/08/2021","23/08/2021"
"327","65","Kiambere","","23/08/2021","23/08/2021"
"328","66","Nthawa","","23/08/2021","23/08/2021"
"329","66","Muminji","","23/08/2021","23/08/2021"
"330","66","Evurore","","23/08/2021","23/08/2021"
"331","67","Ngomeni","","23/08/2021","23/08/2021"
"332","67","Kyuso","","23/08/2021","23/08/2021"
"333","67","Mumoni","","23/08/2021","23/08/2021"
"334","67","Tseikuru","","23/08/2021","23/08/2021"
"335","67","Tharaka","","23/08/2021","23/08/2021"
"336","68","Kyome/thaana","","23/08/2021","23/08/2021"
"337","68","Nguutani","","23/08/2021","23/08/2021"
"338","68","Migwani","","23/08/2021","23/08/2021"
"339","68","Kiomo/kyethani","","23/08/2021","23/08/2021"
"340","69","Central","","23/08/2021","23/08/2021"
"341","69","Kivou","","23/08/2021","23/08/2021"
"342","69","Nguni","","23/08/2021","23/08/2021"
"343","69","Nuu","","23/08/2021","23/08/2021"
"344","69","Mui","","23/08/2021","23/08/2021"
"345","69","Waita","","23/08/2021","23/08/2021"
"346","70","Mutonguni","","23/08/2021","23/08/2021"
"347","70","Kauwi","","23/08/2021","23/08/2021"
"348","70","Matinyani","","23/08/2021","23/08/2021"
"349","70","Kwa Mutonga/kithumula","","23/08/2021","23/08/2021"
"350","71","Kisasi","","23/08/2021","23/08/2021"
"351","71","Mbitini","","23/08/2021","23/08/2021"
"352","71","Kwavonza/yatta","","23/08/2021","23/08/2021"
"353","71","Kanyangi","","23/08/2021","23/08/2021"
"354","72","Miambani","","23/08/2021","23/08/2021"
"355","72","Township","","23/08/2021","23/08/2021"
"356","72","Kyangwithya West","","23/08/2021","23/08/2021"
"357","72","Mulango","","23/08/2021","23/08/2021"
"358","72","Kyangwithya East","","23/08/2021","23/08/2021"
"359","73","Zombe/mwitika","","23/08/2021","23/08/2021"
"360","73","Chuluni","","23/08/2021","23/08/2021"
"361","73","Nzambani","","23/08/2021","23/08/2021"
"362","73","Voo/kyamatu","","23/08/2021","23/08/2021"
"363","73","Endau/malalani","","23/08/2021","23/08/2021"
"364","73","Mutito/kaliku","","23/08/2021","23/08/2021"
"365","74","Ikanga/kyatune","","23/08/2021","23/08/2021"
"366","74","Mutomo","","23/08/2021","23/08/2021"
"367","74","Mutha","","23/08/2021","23/08/2021"
"368","74","Ikutha","","23/08/2021","23/08/2021"
"369","74","Kanziko","","23/08/2021","23/08/2021"
"370","74","Athi","","23/08/2021","23/08/2021"
"371","75","Kivaa","","23/08/2021","23/08/2021"
"372","75","Masinga Central","","23/08/2021","23/08/2021"
"373","75","Ekalakala","","23/08/2021","23/08/2021"
"374","75","Muthesya","","23/08/2021","23/08/2021"
"375","75","Ndithini","","23/08/2021","23/08/2021"
"376","76","Ndalani","","23/08/2021","23/08/2021"
"377","76","Matuu","","23/08/2021","23/08/2021"
"378","76","Kithimani","","23/08/2021","23/08/2021"
"379","76","Ikombe","","23/08/2021","23/08/2021"
"380","76","Katangi","","23/08/2021","23/08/2021"
"381","77","Kangundo North","","23/08/2021","23/08/2021"
"382","77","Kangundo Central","","23/08/2021","23/08/2021"
"383","77","Kangundo East","","23/08/2021","23/08/2021"
"384","77","Kangundo West","","23/08/2021","23/08/2021"
"385","78","Tala","","23/08/2021","23/08/2021"
"386","78","Matungulu North","","23/08/2021","23/08/2021"
"387","78","Matungulu East","","23/08/2021","23/08/2021"
"388","78","Matungulu West","","23/08/2021","23/08/2021"
"389","78","Kyeleni","","23/08/2021","23/08/2021"
"390","79","Mitaboni","","23/08/2021","23/08/2021"
"391","79","Kathiani Central","","23/08/2021","23/08/2021"
"392","79","Upper Kaewa/iveti","","23/08/2021","23/08/2021"
"393","79","Lower Kaewa/kaani","","23/08/2021","23/08/2021"
"394","80","Athi River","","23/08/2021","23/08/2021"
"395","80","Kinanie","","23/08/2021","23/08/2021"
"396","80","Muthwani","","23/08/2021","23/08/2021"
"397","80","Syokimau/mulolongo","","23/08/2021","23/08/2021"
"398","81","Kalama","","23/08/2021","23/08/2021"
"399","81","Mua","","23/08/2021","23/08/2021"
"400","81","Mutituni","","23/08/2021","23/08/2021"
"401","81","Machakos Central","","23/08/2021","23/08/2021"
"402","81","Mumbuni North","","23/08/2021","23/08/2021"
"403","81","Muvuti/kiima-kimwe","","23/08/2021","23/08/2021"
"404","81","Kola","","23/08/2021","23/08/2021"
"405","82","Mbiuni","","23/08/2021","23/08/2021"
"406","82","Makutano/ Mwala","","23/08/2021","23/08/2021"
"407","82","Masii","","23/08/2021","23/08/2021"
"408","82","Muthetheni","","23/08/2021","23/08/2021"
"409","82","Wamunyu","","23/08/2021","23/08/2021"
"410","82","Kibauni","","23/08/2021","23/08/2021"
"411","83","Tulimani","","23/08/2021","23/08/2021"
"412","83","Mbooni","","23/08/2021","23/08/2021"
"413","83","Kithungo/kitundu","","23/08/2021","23/08/2021"
"414","83","Kisau/kiteta","","23/08/2021","23/08/2021"
"415","83","Waia/kako","","23/08/2021","23/08/2021"
"416","83","Kalawa","","23/08/2021","23/08/2021"
"417","84","Kasikeu","","23/08/2021","23/08/2021"
"418","84","Mukaa","","23/08/2021","23/08/2021"
"419","84","Kiima Kiu/kalanzoni","","23/08/2021","23/08/2021"
"420","85","Ukia","","23/08/2021","23/08/2021"
"421","85","Kee","","23/08/2021","23/08/2021"
"422","85","Kilungu","","23/08/2021","23/08/2021"
"423","85","Ilima","","23/08/2021","23/08/2021"
"424","86","Wote","","23/08/2021","23/08/2021"
"425","86","Muvau/kikuumini","","23/08/2021","23/08/2021"
"426","86","Mavindini","","23/08/2021","23/08/2021"
"427","86","Kitise/kithuki","","23/08/2021","23/08/2021"
"428","86","Kathonzweni","","23/08/2021","23/08/2021"
"429","86","Nzaui/kilili/kalamba","","23/08/2021","23/08/2021"
"430","86","Mbitini","","23/08/2021","23/08/2021"
"431","87","Makindu","","23/08/2021","23/08/2021"
"432","87","Nguumo","","23/08/2021","23/08/2021"
"433","87","Kikumbulyu North","","23/08/2021","23/08/2021"
"434","87","Kikumbulyu South","","23/08/2021","23/08/2021"
"435","87","Nguu/masumba","","23/08/2021","23/08/2021"
"436","87","Emali/mulala","","23/08/2021","23/08/2021"
"437","88","Masongaleni","","23/08/2021","23/08/2021"
"438","88","Mtito Andei","","23/08/2021","23/08/2021"
"439","88","Thange","","23/08/2021","23/08/2021"
"440","88","Ivingoni/nzambani","","23/08/2021","23/08/2021"
"441","89","Engineer","","23/08/2021","23/08/2021"
"442","89","Gathara","","23/08/2021","23/08/2021"
"443","89","North Kinangop","","23/08/2021","23/08/2021"
"444","89","Murungaru","","23/08/2021","23/08/2021"
"445","89","Njabini\kiburu","","23/08/2021","23/08/2021"
"446","89","Nyakio","","23/08/2021","23/08/2021"
"447","89","Githabai","","23/08/2021","23/08/2021"
"448","89","Magumu","","23/08/2021","23/08/2021"
"449","90","Wanjohi","","23/08/2021","23/08/2021"
"450","90","Kipipiri","","23/08/2021","23/08/2021"
"451","90","Geta","","23/08/2021","23/08/2021"
"452","90","Githioro","","23/08/2021","23/08/2021"
"453","91","Karau","","23/08/2021","23/08/2021"
"454","91","Kanjuiri Ridge","","23/08/2021","23/08/2021"
"455","91","Mirangine","","23/08/2021","23/08/2021"
"456","91","Kaimbaga","","23/08/2021","23/08/2021"
"457","91","Rurii","","23/08/2021","23/08/2021"
"458","92","Gathanji","","23/08/2021","23/08/2021"
"459","92","Gatimu","","23/08/2021","23/08/2021"
"460","92","Weru","","23/08/2021","23/08/2021"
"461","92","Charagita","","23/08/2021","23/08/2021"
"462","93","Leshau Pondo","","23/08/2021","23/08/2021"
"463","93","Kiriita","","23/08/2021","23/08/2021"
"464","93","Central","","23/08/2021","23/08/2021"
"465","93","Shamata","","23/08/2021","23/08/2021"
"466","94","Dedan Kimanthi","","23/08/2021","23/08/2021"
"467","94","Wamagana","","23/08/2021","23/08/2021"
"468","94","Aguthi/gaaki","","23/08/2021","23/08/2021"
"469","95","Mweiga","","23/08/2021","23/08/2021"
"470","95","Naromoru Kiamathaga","","23/08/2021","23/08/2021"
"471","95","Mwiyogo/endarasha","","23/08/2021","23/08/2021"
"472","95","Mugunda","","23/08/2021","23/08/2021"
"473","95","Gatarakwa","","23/08/2021","23/08/2021"
"474","95","Thegu River","","23/08/2021","23/08/2021"
"475","95","Kabaru","","23/08/2021","23/08/2021"
"476","95","Gakawa","","23/08/2021","23/08/2021"
"477","96","Ruguru","","23/08/2021","23/08/2021"
"478","96","Magutu","","23/08/2021","23/08/2021"
"479","96","Iriaini","","23/08/2021","23/08/2021"
"480","96","Konyu","","23/08/2021","23/08/2021"
"481","96","Kirimukuyu","","23/08/2021","23/08/2021"
"482","96","Karatina Town","","23/08/2021","23/08/2021"
"483","97","Mahiga","","23/08/2021","23/08/2021"
"484","97","Iria-ini","","23/08/2021","23/08/2021"
"485","97","Chinga","","23/08/2021","23/08/2021"
"486","97","Karima","","23/08/2021","23/08/2021"
"487","98","Gikondi","","23/08/2021","23/08/2021"
"488","98","Rugi","","23/08/2021","23/08/2021"
"489","98","Mukurwe-ini West","","23/08/2021","23/08/2021"
"490","98","Mukurwe-ini Central","","23/08/2021","23/08/2021"
"491","99","Kiganjo/mathari","","23/08/2021","23/08/2021"
"492","99","Rware","","23/08/2021","23/08/2021"
"493","99","Gatitu/muruguru","","23/08/2021","23/08/2021"
"494","99","Ruring'u","","23/08/2021","23/08/2021"
"495","99","Kamakwa/mukaro","","23/08/2021","23/08/2021"
"496","100","Mutithi","","23/08/2021","23/08/2021"
"497","100","Kangai","","23/08/2021","23/08/2021"
"498","100","Thiba","","23/08/2021","23/08/2021"
"499","100","Wamumu","","23/08/2021","23/08/2021"
"500","100","Nyangati","","23/08/2021","23/08/2021"
"501","100","Murinduko","","23/08/2021","23/08/2021"
"502","100","Gathigiriri","","23/08/2021","23/08/2021"
"503","100","Tebere","","23/08/2021","23/08/2021"
"504","101","Kabare","","23/08/2021","23/08/2021"
"505","101","Baragwi","","23/08/2021","23/08/2021"
"506","101","Njukiini","","23/08/2021","23/08/2021"
"507","101","Ngariama","","23/08/2021","23/08/2021"
"508","101","Karumandi","","23/08/2021","23/08/2021"
"509","102","Mukure","","23/08/2021","23/08/2021"
"510","102","Kiine","","23/08/2021","23/08/2021"
"511","102","Kariti","","23/08/2021","23/08/2021"
"512","103","Mutira","","23/08/2021","23/08/2021"
"513","103","Kanyeki-ini","","23/08/2021","23/08/2021"
"514","103","Kerugoya","","23/08/2021","23/08/2021"
"515","103","Inoi","","23/08/2021","23/08/2021"
"516","104","Kanyenyaini","","23/08/2021","23/08/2021"
"517","104","Muguru","","23/08/2021","23/08/2021"
"518","104","Rwathia","","23/08/2021","23/08/2021"
"519","105","Gitugi","","23/08/2021","23/08/2021"
"520","105","Kiru","","23/08/2021","23/08/2021"
"521","105","Kamacharia","","23/08/2021","23/08/2021"
"522","106","Wangu","","23/08/2021","23/08/2021"
"523","106","Mugoiri","","23/08/2021","23/08/2021"
"524","106","Mbiri","","23/08/2021","23/08/2021"
"525","106","Township","","23/08/2021","23/08/2021"
"526","106","Murarandia","","23/08/2021","23/08/2021"
"527","106","Gaturi","","23/08/2021","23/08/2021"
"528","107","Kahumbu","","23/08/2021","23/08/2021"
"529","107","Muthithi","","23/08/2021","23/08/2021"
"530","107","Kigumo","","23/08/2021","23/08/2021"
"531","107","Kangari","","23/08/2021","23/08/2021"
"532","107","Kinyona","","23/08/2021","23/08/2021"
"533","108","Kimorori/wempa","","23/08/2021","23/08/2021"
"534","108","Makuyu","","23/08/2021","23/08/2021"
"535","108","Kambiti","","23/08/2021","23/08/2021"
"536","108","Kamahuha","","23/08/2021","23/08/2021"
"537","108","Ichagaki","","23/08/2021","23/08/2021"
"538","108","Nginda","","23/08/2021","23/08/2021"
"539","109","Ng'araria","","23/08/2021","23/08/2021"
"540","109","Muruka","","23/08/2021","23/08/2021"
"541","109","Kagundu-ini","","23/08/2021","23/08/2021"
"542","109","Gaichanjiru","","23/08/2021","23/08/2021"
"543","109","Ithiru","","23/08/2021","23/08/2021"
"544","109","Ruchu","","23/08/2021","23/08/2021"
"545","110","Ithanga","","23/08/2021","23/08/2021"
"546","110","Kakuzi/mitubiri","","23/08/2021","23/08/2021"
"547","110","Mugumo-ini","","23/08/2021","23/08/2021"
"548","110","Kihumbu-ini","","23/08/2021","23/08/2021"
"549","110","Gatanga","","23/08/2021","23/08/2021"
"550","110","Kariara","","23/08/2021","23/08/2021"
"551","111","Kiamwangi","","23/08/2021","23/08/2021"
"552","111","Kiganjo","","23/08/2021","23/08/2021"
"553","111","Ndarugu","","23/08/2021","23/08/2021"
"554","111","Ngenda","","23/08/2021","23/08/2021"
"555","112","Gituamba","","23/08/2021","23/08/2021"
"556","112","Githobokoni","","23/08/2021","23/08/2021"
"557","112","Chania","","23/08/2021","23/08/2021"
"558","112","Mang'u","","23/08/2021","23/08/2021"
"559","113","Murera","","23/08/2021","23/08/2021"
"560","113","Theta","","23/08/2021","23/08/2021"
"561","113","Juja","","23/08/2021","23/08/2021"
"562","113","Witeithie","","23/08/2021","23/08/2021"
"563","113","Kalimoni","","23/08/2021","23/08/2021"
"564","114","Township","","23/08/2021","23/08/2021"
"565","114","Kamenu","","23/08/2021","23/08/2021"
"566","114","Hospital","","23/08/2021","23/08/2021"
"567","114","Gatuanyaga","","23/08/2021","23/08/2021"
"568","114","Ngoliba","","23/08/2021","23/08/2021"
"569","115","Gitothua","","23/08/2021","23/08/2021"
"570","115","Biashara","","23/08/2021","23/08/2021"
"571","115","Gatongora","","23/08/2021","23/08/2021"
"572","115","Kahawa Sukari","","23/08/2021","23/08/2021"
"573","115","Kahawa Wendani","","23/08/2021","23/08/2021"
"574","115","Kiuu","","23/08/2021","23/08/2021"
"575","115","Mwiki","","23/08/2021","23/08/2021"
"576","115","Mwihoko","","23/08/2021","23/08/2021"
"577","116","Githunguri","","23/08/2021","23/08/2021"
"578","116","Githiga","","23/08/2021","23/08/2021"
"579","116","Ikinu","","23/08/2021","23/08/2021"
"580","116","Ngewa","","23/08/2021","23/08/2021"
"581","116","Komothai","","23/08/2021","23/08/2021"
"582","117","Ting'ang'a","","23/08/2021","23/08/2021"
"583","117","Ndumberi","","23/08/2021","23/08/2021"
"584","117","Riabai","","23/08/2021","23/08/2021"
"585","117","Township","","23/08/2021","23/08/2021"
"586","118","Cianda","","23/08/2021","23/08/2021"
"587","118","Karuri","","23/08/2021","23/08/2021"
"588","118","Ndenderu","","23/08/2021","23/08/2021"
"589","118","Muchatha","","23/08/2021","23/08/2021"
"590","118","Kihara","","23/08/2021","23/08/2021"
"591","119","Gitaru","","23/08/2021","23/08/2021"
"592","119","Muguga","","23/08/2021","23/08/2021"
"593","119","Nyadhuna","","23/08/2021","23/08/2021"
"594","119","Kabete","","23/08/2021","23/08/2021"
"595","119","Uthiru","","23/08/2021","23/08/2021"
"596","120","Karai","","23/08/2021","23/08/2021"
"597","120","Nachu","","23/08/2021","23/08/2021"
"598","120","Sigona","","23/08/2021","23/08/2021"
"599","120","Kikuyu","","23/08/2021","23/08/2021"
"600","120","Kinoo","","23/08/2021","23/08/2021"
"601","121","Bibirioni","","23/08/2021","23/08/2021"
"602","121","Limuru Central","","23/08/2021","23/08/2021"
"603","121","Ndeiya","","23/08/2021","23/08/2021"
"604","121","Limuru East","","23/08/2021","23/08/2021"
"605","121","Ngecha Tigoni","","23/08/2021","23/08/2021"
"606","122","Kinale","","23/08/2021","23/08/2021"
"607","122","Kijabe","","23/08/2021","23/08/2021"
"608","122","Nyanduma","","23/08/2021","23/08/2021"
"609","122","Kamburu","","23/08/2021","23/08/2021"
"610","122","Lari/kirenga","","23/08/2021","23/08/2021"
"611","123","Kaeris","","23/08/2021","23/08/2021"
"612","123","Lake Zone","","23/08/2021","23/08/2021"
"613","123","Lapur","","23/08/2021","23/08/2021"
"614","123","Kaaleng/kaikor","","23/08/2021","23/08/2021"
"615","123","Kibish","","23/08/2021","23/08/2021"
"616","123","Nakalale","","23/08/2021","23/08/2021"
"617","124","Kakuma","","23/08/2021","23/08/2021"
"618","124","Lopur","","23/08/2021","23/08/2021"
"619","124","Letea","","23/08/2021","23/08/2021"
"620","124","Songot","","23/08/2021","23/08/2021"
"621","124","Kalobeyei","","23/08/2021","23/08/2021"
"622","124","Lokichoggio","","23/08/2021","23/08/2021"
"623","124","Nanaam","","23/08/2021","23/08/2021"
"624","125","Kerio Delta","","23/08/2021","23/08/2021"
"625","125","Kang'atotha","","23/08/2021","23/08/2021"
"626","125","Kalokol","","23/08/2021","23/08/2021"
"627","125","Lodwar Township","","23/08/2021","23/08/2021"
"628","125","Kanamkemer","","23/08/2021","23/08/2021"
"629","126","Kotaruk/lobei","","23/08/2021","23/08/2021"
"630","126","Turkwel","","23/08/2021","23/08/2021"
"631","126","Loima","","23/08/2021","23/08/2021"
"632","126","Lokiriama/lorengippi","","23/08/2021","23/08/2021"
"633","127","Kaputir","","23/08/2021","23/08/2021"
"634","127","Katilu","","23/08/2021","23/08/2021"
"635","127","Lobokat","","23/08/2021","23/08/2021"
"636","127","Kalapata","","23/08/2021","23/08/2021"
"637","127","Lokichar","","23/08/2021","23/08/2021"
"638","128","Kapedo/napeitom","","23/08/2021","23/08/2021"
"639","128","Katilia","","23/08/2021","23/08/2021"
"640","128","Lokori/kochodin","","23/08/2021","23/08/2021"
"641","129","Riwo","","23/08/2021","23/08/2021"
"642","129","Kapenguria","","23/08/2021","23/08/2021"
"643","129","Mnagei","","23/08/2021","23/08/2021"
"644","129","Siyoi","","23/08/2021","23/08/2021"
"645","129","Endugh","","23/08/2021","23/08/2021"
"646","129","Sook","","23/08/2021","23/08/2021"
"647","130","Sekerr","","23/08/2021","23/08/2021"
"648","130","Masool","","23/08/2021","23/08/2021"
"649","130","Lomut","","23/08/2021","23/08/2021"
"650","130","Weiwei","","23/08/2021","23/08/2021"
"651","131","Suam","","23/08/2021","23/08/2021"
"652","131","Kodich","","23/08/2021","23/08/2021"
"653","131","Kapckok","","23/08/2021","23/08/2021"
"654","131","Kasei","","23/08/2021","23/08/2021"
"655","131","Kiwawa","","23/08/2021","23/08/2021"
"656","131","Alale","","23/08/2021","23/08/2021"
"657","132","Chepareria","","23/08/2021","23/08/2021"
"658","132","Batei","","23/08/2021","23/08/2021"
"659","132","Lelan","","23/08/2021","23/08/2021"
"660","132","Tapach","","23/08/2021","23/08/2021"
"661","133","Lodokejek","","23/08/2021","23/08/2021"
"662","133","Suguta Marmar","","23/08/2021","23/08/2021"
"663","133","Maralal","","23/08/2021","23/08/2021"
"664","133","Loosuk","","23/08/2021","23/08/2021"
"665","133","Poro","","23/08/2021","23/08/2021"
"666","134","El-barta","","23/08/2021","23/08/2021"
"667","134","Nachola","","23/08/2021","23/08/2021"
"668","134","Ndoto","","23/08/2021","23/08/2021"
"669","134","Nyiro","","23/08/2021","23/08/2021"
"670","134","Angata Nanyokie","","23/08/2021","23/08/2021"
"671","134","Baawa","","23/08/2021","23/08/2021"
"672","135","Waso","","23/08/2021","23/08/2021"
"673","135","Wamba West","","23/08/2021","23/08/2021"
"674","135","Wamba East","","23/08/2021","23/08/2021"
"675","135","Wamba North","","23/08/2021","23/08/2021"
"676","136","Kapomboi","","23/08/2021","23/08/2021"
"677","136","Kwanza","","23/08/2021","23/08/2021"
"678","136","Keiyo","","23/08/2021","23/08/2021"
"679","136","Bidii","","23/08/2021","23/08/2021"
"680","137","Chepchoina","","23/08/2021","23/08/2021"
"681","137","Endebess","","23/08/2021","23/08/2021"
"682","137","Matumbei","","23/08/2021","23/08/2021"
"683","138","Kinyoro","","23/08/2021","23/08/2021"
"684","138","Matisi","","23/08/2021","23/08/2021"
"685","138","Tuwani","","23/08/2021","23/08/2021"
"686","138","Saboti","","23/08/2021","23/08/2021"
"687","138","Machewa","","23/08/2021","23/08/2021"
"688","139","Kiminini","","23/08/2021","23/08/2021"
"689","139","Waitaluk","","23/08/2021","23/08/2021"
"690","139","Sirende","","23/08/2021","23/08/2021"
"691","139","Hospital","","23/08/2021","23/08/2021"
"692","139","Sikhendu","","23/08/2021","23/08/2021"
"693","139","Nabiswa","","23/08/2021","23/08/2021"
"694","140","Sinyerere","","23/08/2021","23/08/2021"
"695","140","Makutano","","23/08/2021","23/08/2021"
"696","140","Kaplamai","","23/08/2021","23/08/2021"
"697","140","Motosiet","","23/08/2021","23/08/2021"
"698","140","Cherangany/suwerwa","","23/08/2021","23/08/2021"
"699","140","Chepsiro/kiptoror","","23/08/2021","23/08/2021"
"700","140","Sitatunga","","23/08/2021","23/08/2021"
"701","141","Moi's Bridge","","23/08/2021","23/08/2021"
"702","141","Kapkures","","23/08/2021","23/08/2021"
"703","141","Ziwa","","23/08/2021","23/08/2021"
"704","141","Segero/barsombe","","23/08/2021","23/08/2021"
"705","141","Kipsomba","","23/08/2021","23/08/2021"
"706","141","Soy","","23/08/2021","23/08/2021"
"707","141","Kuinet/kapsuswa","","23/08/2021","23/08/2021"
"708","142","Ngenyilel","","23/08/2021","23/08/2021"
"709","142","Tapsagoi","","23/08/2021","23/08/2021"
"710","142","Kamagut","","23/08/2021","23/08/2021"
"711","142","Kiplombe","","23/08/2021","23/08/2021"
"712","142","Kapsaos","","23/08/2021","23/08/2021"
"713","142","Huruma","","23/08/2021","23/08/2021"
"714","143","Tembelio","","23/08/2021","23/08/2021"
"715","143","Sergoit","","23/08/2021","23/08/2021"
"716","143","Karuna/meibeki","","23/08/2021","23/08/2021"
"717","143","Moiben","","23/08/2021","23/08/2021"
"718","143","Kimumu","","23/08/2021","23/08/2021"
"719","144","Kapsoya","","23/08/2021","23/08/2021"
"720","144","Kaptagat","","23/08/2021","23/08/2021"
"721","144","Ainabkoi/olare","","23/08/2021","23/08/2021"
"722","145","Simat/kapseret","","23/08/2021","23/08/2021"
"723","145","Kipkenyo","","23/08/2021","23/08/2021"
"724","145","Ngeria","","23/08/2021","23/08/2021"
"725","145","Megun","","23/08/2021","23/08/2021"
"726","145","Langas","","23/08/2021","23/08/2021"
"727","146","Racecourse","","23/08/2021","23/08/2021"
"728","146","Cheptiret/kipchamo","","23/08/2021","23/08/2021"
"729","146","Tulwet/chuiyat","","23/08/2021","23/08/2021"
"730","146","Tarakwa","","23/08/2021","23/08/2021"
"731","147","Kapyego","","23/08/2021","23/08/2021"
"732","147","Sambirir","","23/08/2021","23/08/2021"
"733","147","Endo","","23/08/2021","23/08/2021"
"734","147","Embobut / Embulot","","23/08/2021","23/08/2021"
"735","148","Lelan","","23/08/2021","23/08/2021"
"736","148","Sengwer","","23/08/2021","23/08/2021"
"737","148","Cherang'any/chebororwa","","23/08/2021","23/08/2021"
"738","148","Moiben/kuserwo","","23/08/2021","23/08/2021"
"739","148","Kapsowar","","23/08/2021","23/08/2021"
"740","148","Arror","","23/08/2021","23/08/2021"
"741","149","Emsoo","","23/08/2021","23/08/2021"
"742","149","Kamariny","","23/08/2021","23/08/2021"
"743","149","Kapchemutwa","","23/08/2021","23/08/2021"
"744","149","Tambach","","23/08/2021","23/08/2021"
"745","150","Kaptarakwa","","23/08/2021","23/08/2021"
"746","150","Chepkorio","","23/08/2021","23/08/2021"
"747","150","Soy North","","23/08/2021","23/08/2021"
"748","150","Soy South","","23/08/2021","23/08/2021"
"749","150","Kabiemit","","23/08/2021","23/08/2021"
"750","150","Metkei","","23/08/2021","23/08/2021"
"751","151","Songhor/soba","","23/08/2021","23/08/2021"
"752","151","Tindiret","","23/08/2021","23/08/2021"
"753","151","Chemelil/chemase","","23/08/2021","23/08/2021"
"754","151","Kapsimotwo","","23/08/2021","23/08/2021"
"755","152","Kabwareng","","23/08/2021","23/08/2021"
"756","152","Terik","","23/08/2021","23/08/2021"
"757","152","Kemeloi-maraba","","23/08/2021","23/08/2021"
"758","152","Kobujoi","","23/08/2021","23/08/2021"
"759","152","Kaptumo-kaboi","","23/08/2021","23/08/2021"
"760","152","Koyo-ndurio","","23/08/2021","23/08/2021"
"761","153","Nandi Hills","","23/08/2021","23/08/2021"
"762","153","Chepkunyuk","","23/08/2021","23/08/2021"
"763","153","Ol'lessos","","23/08/2021","23/08/2021"
"764","153","Kapchorua","","23/08/2021","23/08/2021"
"765","154","Chemundu/kapng'etuny","","23/08/2021","23/08/2021"
"766","154","Kosirai","","23/08/2021","23/08/2021"
"767","154","Lelmokwo/ngechek","","23/08/2021","23/08/2021"
"768","154","Kaptel/kamoiywo","","23/08/2021","23/08/2021"
"769","154","Kiptuya","","23/08/2021","23/08/2021"
"770","155","Chepkumia","","23/08/2021","23/08/2021"
"771","155","Kapkangani","","23/08/2021","23/08/2021"
"772","155","Kapsabet","","23/08/2021","23/08/2021"
"773","155","Kilibwoni","","23/08/2021","23/08/2021"
"774","156","Chepterwai","","23/08/2021","23/08/2021"
"775","156","Kipkaren","","23/08/2021","23/08/2021"
"776","156","Kurgung/surungai","","23/08/2021","23/08/2021"
"777","156","Kabiyet","","23/08/2021","23/08/2021"
"778","156","Ndalat","","23/08/2021","23/08/2021"
"779","156","Kabisaga","","23/08/2021","23/08/2021"
"780","156","Sangalo/kebulonik","","23/08/2021","23/08/2021"
"781","157","Tirioko","","23/08/2021","23/08/2021"
"782","157","Kolowa","","23/08/2021","23/08/2021"
"783","157","Ribkwo","","23/08/2021","23/08/2021"
"784","157","Silale","","23/08/2021","23/08/2021"
"785","157","Loiyamorock","","23/08/2021","23/08/2021"
"786","157","Tangulbei/korossi","","23/08/2021","23/08/2021"
"787","157","Churo/amaya","","23/08/2021","23/08/2021"
"788","158","Barwessa","","23/08/2021","23/08/2021"
"789","158","Kabartonjo","","23/08/2021","23/08/2021"
"790","158","Saimo/kipsaraman","","23/08/2021","23/08/2021"
"791","158","Saimo/soi","","23/08/2021","23/08/2021"
"792","158","Bartabwa","","23/08/2021","23/08/2021"
"793","159","Kabarnet","","23/08/2021","23/08/2021"
"794","159","Sacho","","23/08/2021","23/08/2021"
"795","159","Tenges","","23/08/2021","23/08/2021"
"796","159","Ewalel Chapchap","","23/08/2021","23/08/2021"
"797","159","Kapropita","","23/08/2021","23/08/2021"
"798","160","Marigat","","23/08/2021","23/08/2021"
"799","160","Ilchamus","","23/08/2021","23/08/2021"
"800","160","Mochongoi","","23/08/2021","23/08/2021"
"801","160","Mukutani","","23/08/2021","23/08/2021"
"802","161","Mogotio","","23/08/2021","23/08/2021"
"803","161","Emining","","23/08/2021","23/08/2021"
"804","161","Kisanana","","23/08/2021","23/08/2021"
"805","162","Lembus","","23/08/2021","23/08/2021"
"806","162","Lembus Kwen","","23/08/2021","23/08/2021"
"807","162","Ravine","","23/08/2021","23/08/2021"
"808","162","Mumberes/maji Mazuri","","23/08/2021","23/08/2021"
"809","162","Lembus/perkerra","","23/08/2021","23/08/2021"
"810","162","Koibatek","","23/08/2021","23/08/2021"
"811","163","Olmoran","","23/08/2021","23/08/2021"
"812","163","Rumuruti Township","","23/08/2021","23/08/2021"
"813","163","Kinamba","","23/08/2021","23/08/2021"
"814","163","Marmanet","","23/08/2021","23/08/2021"
"815","163","Igwamiti","","23/08/2021","23/08/2021"
"816","163","Salama","","23/08/2021","23/08/2021"
"817","164","Ngobit","","23/08/2021","23/08/2021"
"818","164","Tigithi","","23/08/2021","23/08/2021"
"819","164","Thingithu","","23/08/2021","23/08/2021"
"820","164","Nanyuki","","23/08/2021","23/08/2021"
"821","164","Umande","","23/08/2021","23/08/2021"
"822","165","Sosian","","23/08/2021","23/08/2021"
"823","165","Segera","","23/08/2021","23/08/2021"
"824","165","Mukogondo West","","23/08/2021","23/08/2021"
"825","165","Mukogondo East","","23/08/2021","23/08/2021"
"826","166","Mariashoni","","23/08/2021","23/08/2021"
"827","166","Elburgon","","23/08/2021","23/08/2021"
"828","166","Turi","","23/08/2021","23/08/2021"
"829","166","Molo","","23/08/2021","23/08/2021"
"830","167","Maunarok","","23/08/2021","23/08/2021"
"831","167","Mauche","","23/08/2021","23/08/2021"
"832","167","Kihingo","","23/08/2021","23/08/2021"
"833","167","Nessuit","","23/08/2021","23/08/2021"
"834","167","Lare","","23/08/2021","23/08/2021"
"835","167","Njoro","","23/08/2021","23/08/2021"
"836","168","Biashara","","23/08/2021","23/08/2021"
"837","168","Hells Gate","","23/08/2021","23/08/2021"
"838","168","Lakeview","","23/08/2021","23/08/2021"
"839","168","Maai-mahiu","","23/08/2021","23/08/2021"
"840","168","Maiella","","23/08/2021","23/08/2021"
"841","168","Olkaria","","23/08/2021","23/08/2021"
"842","168","Naivasha East","","23/08/2021","23/08/2021"
"843","168","Viwandani","","23/08/2021","23/08/2021"
"844","169","Gilgil","","23/08/2021","23/08/2021"
"845","169","Elementaita","","23/08/2021","23/08/2021"
"846","169","Mbaruk/eburu","","23/08/2021","23/08/2021"
"847","169","Malewa West","","23/08/2021","23/08/2021"
"848","169","Murindati","","23/08/2021","23/08/2021"
"849","170","Amalo","","23/08/2021","23/08/2021"
"850","170","Keringet","","23/08/2021","23/08/2021"
"851","170","Kiptagich","","23/08/2021","23/08/2021"
"852","170","Tinet","","23/08/2021","23/08/2021"
"853","171","Kiptororo","","23/08/2021","23/08/2021"
"854","171","Nyota","","23/08/2021","23/08/2021"
"855","171","Sirikwa","","23/08/2021","23/08/2021"
"856","171","Kamara","","23/08/2021","23/08/2021"
"857","172","Subukia","","23/08/2021","23/08/2021"
"858","172","Waseges","","23/08/2021","23/08/2021"
"859","172","Kabazi","","23/08/2021","23/08/2021"
"860","173","Menengai West","","23/08/2021","23/08/2021"
"861","173","Soin","","23/08/2021","23/08/2021"
"862","173","Visoi","","23/08/2021","23/08/2021"
"863","173","Mosop","","23/08/2021","23/08/2021"
"864","173","Solai","","23/08/2021","23/08/2021"
"865","174","Dundori","","23/08/2021","23/08/2021"
"866","174","Kabatini","","23/08/2021","23/08/2021"
"867","174","Kiamaina","","23/08/2021","23/08/2021"
"868","174","Lanet/umoja","","23/08/2021","23/08/2021"
"869","174","Bahati","","23/08/2021","23/08/2021"
"870","175","Barut","","23/08/2021","23/08/2021"
"871","175","London","","23/08/2021","23/08/2021"
"872","175","Kaptembwo","","23/08/2021","23/08/2021"
"873","175","Kapkures","","23/08/2021","23/08/2021"
"874","175","Rhoda","","23/08/2021","23/08/2021"
"875","175","Shaabab","","23/08/2021","23/08/2021"
"876","176","Biashara","","23/08/2021","23/08/2021"
"877","176","Kivumbini","","23/08/2021","23/08/2021"
"878","176","Flamingo","","23/08/2021","23/08/2021"
"879","176","Menengai","","23/08/2021","23/08/2021"
"880","176","Nakuru East","","23/08/2021","23/08/2021"
"881","177","Kilgoris Central","","23/08/2021","23/08/2021"
"882","177","Keyian","","23/08/2021","23/08/2021"
"883","177","Angata Barikoi","","23/08/2021","23/08/2021"
"884","177","Shankoe","","23/08/2021","23/08/2021"
"885","177","Kimintet","","23/08/2021","23/08/2021"
"886","177","Lolgorian","","23/08/2021","23/08/2021"
"887","178","Ilkerin","","23/08/2021","23/08/2021"
"888","178","Ololmasani","","23/08/2021","23/08/2021"
"889","178","Mogondo","","23/08/2021","23/08/2021"
"890","178","Kapsasian","","23/08/2021","23/08/2021"
"891","179","Olpusimoru","","23/08/2021","23/08/2021"
"892","179","Olokurto","","23/08/2021","23/08/2021"
"893","179","Narok Town","","23/08/2021","23/08/2021"
"894","179","Nkareta","","23/08/2021","23/08/2021"
"895","179","Olorropil","","23/08/2021","23/08/2021"
"896","179","Melili","","23/08/2021","23/08/2021"
"897","180","Mosiro","","23/08/2021","23/08/2021"
"898","180","Ildamat","","23/08/2021","23/08/2021"
"899","180","Keekonyokie","","23/08/2021","23/08/2021"
"900","180","Suswa","","23/08/2021","23/08/2021"
"901","181","Majimoto/naroosura","","23/08/2021","23/08/2021"
"902","181","Ololulung'a","","23/08/2021","23/08/2021"
"903","181","Melelo","","23/08/2021","23/08/2021"
"904","181","Loita","","23/08/2021","23/08/2021"
"905","181","Sogoo","","23/08/2021","23/08/2021"
"906","181","Sagamian","","23/08/2021","23/08/2021"
"907","182","Ilmotiok","","23/08/2021","23/08/2021"
"908","182","Mara","","23/08/2021","23/08/2021"
"909","182","Siana","","23/08/2021","23/08/2021"
"910","182","Naikarra","","23/08/2021","23/08/2021"
"911","183","Olkeri","","23/08/2021","23/08/2021"
"912","183","Ongata Rongai","","23/08/2021","23/08/2021"
"913","183","Nkaimurunya","","23/08/2021","23/08/2021"
"914","183","Oloolua","","23/08/2021","23/08/2021"
"915","183","Ngong","","23/08/2021","23/08/2021"
"916","184","Purko","","23/08/2021","23/08/2021"
"917","184","Ildamat","","23/08/2021","23/08/2021"
"918","184","Dalalekutuk","","23/08/2021","23/08/2021"
"919","184","Matapato North","","23/08/2021","23/08/2021"
"920","184","Matapato South","","23/08/2021","23/08/2021"
"921","185","Kaputiei North","","23/08/2021","23/08/2021"
"922","185","Kitengela","","23/08/2021","23/08/2021"
"923","185","Oloosirkon/sholinke","","23/08/2021","23/08/2021"
"924","185","Kenyawa-poka","","23/08/2021","23/08/2021"
"925","185","Imaroro","","23/08/2021","23/08/2021"
"926","186","Keekonyokie","","23/08/2021","23/08/2021"
"927","186","Iloodokilani","","23/08/2021","23/08/2021"
"928","186","Magadi","","23/08/2021","23/08/2021"
"929","186","Ewuaso Oonkidong'i","","23/08/2021","23/08/2021"
"930","186","Mosiro","","23/08/2021","23/08/2021"
"931","187","Entonet/lenkisim","","23/08/2021","23/08/2021"
"932","187","Mbirikani/eselenkei","","23/08/2021","23/08/2021"
"933","187","Kuku","","23/08/2021","23/08/2021"
"934","187","Rombo","","23/08/2021","23/08/2021"
"935","187","Kimana","","23/08/2021","23/08/2021"
"936","188","Londiani","","23/08/2021","23/08/2021"
"937","188","Kedowa/kimugul","","23/08/2021","23/08/2021"
"938","188","Chepseon","","23/08/2021","23/08/2021"
"939","188","Tendeno/sorget","","23/08/2021","23/08/2021"
"940","189","Kunyak","","23/08/2021","23/08/2021"
"941","189","Kamasian","","23/08/2021","23/08/2021"
"942","189","Kipkelion","","23/08/2021","23/08/2021"
"943","189","Chilchila","","23/08/2021","23/08/2021"
"944","190","Kapsoit","","23/08/2021","23/08/2021"
"945","190","Ainamoi","","23/08/2021","23/08/2021"
"946","190","Kapkugerwet","","23/08/2021","23/08/2021"
"947","190","Kipchebor","","23/08/2021","23/08/2021"
"948","190","Kipchimchim","","23/08/2021","23/08/2021"
"949","190","Kapsaos","","23/08/2021","23/08/2021"
"950","191","Kisiara","","23/08/2021","23/08/2021"
"951","191","Tebesonik","","23/08/2021","23/08/2021"
"952","191","Cheboin","","23/08/2021","23/08/2021"
"953","191","Chemosot","","23/08/2021","23/08/2021"
"954","191","Litein","","23/08/2021","23/08/2021"
"955","191","Cheplanget","","23/08/2021","23/08/2021"
"956","191","Kapkatet","","23/08/2021","23/08/2021"
"957","192","Waldai","","23/08/2021","23/08/2021"
"958","192","Kabianga","","23/08/2021","23/08/2021"
"959","192","Cheptororiet/seretut","","23/08/2021","23/08/2021"
"960","192","Chaik","","23/08/2021","23/08/2021"
"961","192","Kapsuser","","23/08/2021","23/08/2021"
"962","193","Sigowet","","23/08/2021","23/08/2021"
"963","193","Kaplelartet","","23/08/2021","23/08/2021"
"964","193","Soliat","","23/08/2021","23/08/2021"
"965","193","Soin","","23/08/2021","23/08/2021"
"966","194","Ndanai/abosi","","23/08/2021","23/08/2021"
"967","194","Chemagel","","23/08/2021","23/08/2021"
"968","194","Kipsonoi","","23/08/2021","23/08/2021"
"969","194","Kapletundo","","23/08/2021","23/08/2021"
"970","194","Rongena/manaret","","23/08/2021","23/08/2021"
"971","195","Kong'asis","","23/08/2021","23/08/2021"
"972","195","Nyangores","","23/08/2021","23/08/2021"
"973","195","Sigor","","23/08/2021","23/08/2021"
"974","195","Chebunyo","","23/08/2021","23/08/2021"
"975","195","Siongiroi","","23/08/2021","23/08/2021"
"976","196","Merigi","","23/08/2021","23/08/2021"
"977","196","Kembu","","23/08/2021","23/08/2021"
"978","196","Longisa","","23/08/2021","23/08/2021"
"979","196","Kipreres","","23/08/2021","23/08/2021"
"980","196","Chemaner","","23/08/2021","23/08/2021"
"981","197","Silibwet Township","","23/08/2021","23/08/2021"
"982","197","Ndaraweta","","23/08/2021","23/08/2021"
"983","197","Singorwet","","23/08/2021","23/08/2021"
"984","197","Chesoen","","23/08/2021","23/08/2021"
"985","197","Mutarakwa","","23/08/2021","23/08/2021"
"986","198","Chepchabas","","23/08/2021","23/08/2021"
"987","198","Kimulot","","23/08/2021","23/08/2021"
"988","198","Mogogosiek","","23/08/2021","23/08/2021"
"989","198","Boito","","23/08/2021","23/08/2021"
"990","198","Embomos","","23/08/2021","23/08/2021"
"991","199","Mautuma","","23/08/2021","23/08/2021"
"992","199","Lugari","","23/08/2021","23/08/2021"
"993","199","Lumakanda","","23/08/2021","23/08/2021"
"994","199","Chekalini","","23/08/2021","23/08/2021"
"995","199","Chevaywa","","23/08/2021","23/08/2021"
"996","199","Lwandeti","","23/08/2021","23/08/2021"
"997","200","Likuyani","","23/08/2021","23/08/2021"
"998","200","Sango","","23/08/2021","23/08/2021"
"999","200","Kongoni","","23/08/2021","23/08/2021"
"1000","200","Nzoia","","23/08/2021","23/08/2021"
"1001","200","Sinoko","","23/08/2021","23/08/2021"
"1002","201","West Kabras","","23/08/2021","23/08/2021"
"1003","201","Chemuche","","23/08/2021","23/08/2021"
"1004","201","East Kabras","","23/08/2021","23/08/2021"
"1005","201","Butali/chegulo","","23/08/2021","23/08/2021"
"1006","201","Manda-shivanga","","23/08/2021","23/08/2021"
"1007","201","Shirugu-mugai","","23/08/2021","23/08/2021"
"1008","201","South Kabras","","23/08/2021","23/08/2021"
"1009","202","Butsotso East","","23/08/2021","23/08/2021"
"1010","202","Butsotso South","","23/08/2021","23/08/2021"
"1011","202","Butsotso Central","","23/08/2021","23/08/2021"
"1012","202","Sheywe","","23/08/2021","23/08/2021"
"1013","202","Mahiakalo","","23/08/2021","23/08/2021"
"1014","202","Shirere","","23/08/2021","23/08/2021"
"1015","203","Ingostse-mathia","","23/08/2021","23/08/2021"
"1016","203","Shinoyi-shikomari-","","23/08/2021","23/08/2021"
"1017","203","Bunyala West","","23/08/2021","23/08/2021"
"1018","203","Bunyala East","","23/08/2021","23/08/2021"
"1019","203","Bunyala Central","","23/08/2021","23/08/2021"
"1020","204","Mumias Central","","23/08/2021","23/08/2021"
"1021","204","Mumias North","","23/08/2021","23/08/2021"
"1022","204","Etenje","","23/08/2021","23/08/2021"
"1023","204","Musanda","","23/08/2021","23/08/2021"
"1024","205","Lubinu/lusheya","","23/08/2021","23/08/2021"
"1025","205","Isongo/makunga/malaha","","23/08/2021","23/08/2021"
"1026","205","East Wanga","","23/08/2021","23/08/2021"
"1027","206","Koyonzo","","23/08/2021","23/08/2021"
"1028","206","Kholera","","23/08/2021","23/08/2021"
"1029","206","Khalaba","","23/08/2021","23/08/2021"
"1030","206","Mayoni","","23/08/2021","23/08/2021"
"1031","206","Namamali","","23/08/2021","23/08/2021"
"1032","207","Marama West","","23/08/2021","23/08/2021"
"1033","207","Marama Central","","23/08/2021","23/08/2021"
"1034","207","Marenyo - Shianda","","23/08/2021","23/08/2021"
"1035","207","Marama North","","23/08/2021","23/08/2021"
"1036","207","Marama South","","23/08/2021","23/08/2021"
"1037","208","Kisa North","","23/08/2021","23/08/2021"
"1038","208","Kisa East","","23/08/2021","23/08/2021"
"1039","208","Kisa West","","23/08/2021","23/08/2021"
"1040","208","Kisa Central","","23/08/2021","23/08/2021"
"1041","209","Isukha North","","23/08/2021","23/08/2021"
"1042","209","Murhanda","","23/08/2021","23/08/2021"
"1043","209","Isukha Central","","23/08/2021","23/08/2021"
"1044","209","Isukha South","","23/08/2021","23/08/2021"
"1045","209","Isukha East","","23/08/2021","23/08/2021"
"1046","209","Isukha West","","23/08/2021","23/08/2021"
"1047","210","Idakho South","","23/08/2021","23/08/2021"
"1048","210","Idakho East","","23/08/2021","23/08/2021"
"1049","210","Idakho North","","23/08/2021","23/08/2021"
"1050","210","Idakho Central","","23/08/2021","23/08/2021"
"1051","211","Lugaga-wamuluma","","23/08/2021","23/08/2021"
"1052","211","South Maragoli","","23/08/2021","23/08/2021"
"1053","211","Central Maragoli","","23/08/2021","23/08/2021"
"1054","211","Mungoma","","23/08/2021","23/08/2021"
"1055","212","Lyaduywa/izava","","23/08/2021","23/08/2021"
"1056","212","West Sabatia","","23/08/2021","23/08/2021"
"1057","212","Chavakali","","23/08/2021","23/08/2021"
"1058","212","North Maragoli","","23/08/2021","23/08/2021"
"1059","212","Wodanga","","23/08/2021","23/08/2021"
"1060","212","Busali","","23/08/2021","23/08/2021"
"1061","213","Shiru","","23/08/2021","23/08/2021"
"1062","213","Muhudu","","23/08/2021","23/08/2021"
"1063","213","Shamakhokho","","23/08/2021","23/08/2021"
"1064","213","Gisambai","","23/08/2021","23/08/2021"
"1065","213","Banja","","23/08/2021","23/08/2021"
"1066","213","Tambua","","23/08/2021","23/08/2021"
"1067","213","Jepkoyai","","23/08/2021","23/08/2021"
"1068","214","Luanda Township","","23/08/2021","23/08/2021"
"1069","214","Wemilabi","","23/08/2021","23/08/2021"
"1070","214","Mwibona","","23/08/2021","23/08/2021"
"1071","214","Luanda South","","23/08/2021","23/08/2021"
"1072","214","Emabungo","","23/08/2021","23/08/2021"
"1073","215","North East Bunyore","","23/08/2021","23/08/2021"
"1074","215","Central Bunyore","","23/08/2021","23/08/2021"
"1075","215","West Bunyore","","23/08/2021","23/08/2021"
"1076","216","Cheptais","","23/08/2021","23/08/2021"
"1077","216","Chesikaki","","23/08/2021","23/08/2021"
"1078","216","Chepyuk","","23/08/2021","23/08/2021"
"1079","216","Kapkateny","","23/08/2021","23/08/2021"
"1080","216","Kaptama","","23/08/2021","23/08/2021"
"1081","216","Elgon","","23/08/2021","23/08/2021"
"1082","217","Namwela","","23/08/2021","23/08/2021"
"1083","217","Malakisi/south Kulisiru","","23/08/2021","23/08/2021"
"1084","217","Lwandanyi","","23/08/2021","23/08/2021"
"1085","218","Kabuchai/chwele","","23/08/2021","23/08/2021"
"1086","218","West Nalondo","","23/08/2021","23/08/2021"
"1087","218","Bwake/luuya","","23/08/2021","23/08/2021"
"1088","218","Mukuyuni","","23/08/2021","23/08/2021"
"1089","219","South Bukusu","","23/08/2021","23/08/2021"
"1090","219","Bumula","","23/08/2021","23/08/2021"
"1091","219","Khasoko","","23/08/2021","23/08/2021"
"1092","219","Kabula","","23/08/2021","23/08/2021"
"1093","219","Kimaeti","","23/08/2021","23/08/2021"
"1094","219","West Bukusu","","23/08/2021","23/08/2021"
"1095","219","Siboti","","23/08/2021","23/08/2021"
"1096","220","Bukembe West","","23/08/2021","23/08/2021"
"1097","220","Bukembe East","","23/08/2021","23/08/2021"
"1098","220","Township","","23/08/2021","23/08/2021"
"1099","220","Khalaba","","23/08/2021","23/08/2021"
"1100","220","Musikoma","","23/08/2021","23/08/2021"
"1101","220","East Sang'alo","","23/08/2021","23/08/2021"
"1102","220","Marakaru/tuuti","","23/08/2021","23/08/2021"
"1103","220","Sang'alo West","","23/08/2021","23/08/2021"
"1104","221","Mihuu","","23/08/2021","23/08/2021"
"1105","221","Ndivisi","","23/08/2021","23/08/2021"
"1106","221","Maraka","","23/08/2021","23/08/2021"
"1107","222","Misikhu","","23/08/2021","23/08/2021"
"1108","222","Sitikho","","23/08/2021","23/08/2021"
"1109","222","Matulo","","23/08/2021","23/08/2021"
"1110","222","Bokoli","","23/08/2021","23/08/2021"
"1111","223","Kimilili","","23/08/2021","23/08/2021"
"1112","223","Kibingei","","23/08/2021","23/08/2021"
"1113","223","Maeni","","23/08/2021","23/08/2021"
"1114","223","Kamukuywa","","23/08/2021","23/08/2021"
"1115","224","Mbakalo","","23/08/2021","23/08/2021"
"1116","224","Naitiri/kabuyefwe","","23/08/2021","23/08/2021"
"1117","224","Milima","","23/08/2021","23/08/2021"
"1118","224","Ndalu/ Tabani","","23/08/2021","23/08/2021"
"1119","224","Tongaren","","23/08/2021","23/08/2021"
"1120","224","Soysambu/ Mitua","","23/08/2021","23/08/2021"
"1121","225","Malaba Central","","23/08/2021","23/08/2021"
"1122","225","Malaba North","","23/08/2021","23/08/2021"
"1123","225","Ang'urai South","","23/08/2021","23/08/2021"
"1124","225","Ang'urai North","","23/08/2021","23/08/2021"
"1125","225","Ang'urai East","","23/08/2021","23/08/2021"
"1126","225","Malaba South","","23/08/2021","23/08/2021"
"1127","226","Ang'orom","","23/08/2021","23/08/2021"
"1128","226","Chakol South","","23/08/2021","23/08/2021"
"1129","226","Chakol North","","23/08/2021","23/08/2021"
"1130","226","Amukura West","","23/08/2021","23/08/2021"
"1131","226","Amukura East","","23/08/2021","23/08/2021"
"1132","226","Amukura Central","","23/08/2021","23/08/2021"
"1133","227","Nambale Township","","23/08/2021","23/08/2021"
"1134","227","Bukhayo North/waltsi","","23/08/2021","23/08/2021"
"1135","227","Bukhayo East","","23/08/2021","23/08/2021"
"1136","227","Bukhayo Central","","23/08/2021","23/08/2021"
"1137","228","Bukhayo West","","23/08/2021","23/08/2021"
"1138","228","Mayenje","","23/08/2021","23/08/2021"
"1139","228","Matayos South","","23/08/2021","23/08/2021"
"1140","228","Busibwabo","","23/08/2021","23/08/2021"
"1141","228","Burumba","","23/08/2021","23/08/2021"
"1142","229","Marachi West","","23/08/2021","23/08/2021"
"1143","229","Kingandole","","23/08/2021","23/08/2021"
"1144","229","Marachi Central","","23/08/2021","23/08/2021"
"1145","229","Marachi East","","23/08/2021","23/08/2021"
"1146","229","Marachi North","","23/08/2021","23/08/2021"
"1147","229","Elugulu","","23/08/2021","23/08/2021"
"1148","230","Namboboto Nambuku","","23/08/2021","23/08/2021"
"1149","230","Nangina","","23/08/2021","23/08/2021"
"1150","230","Ageng'a Nanguba","","23/08/2021","23/08/2021"
"1151","230","Bwiri","","23/08/2021","23/08/2021"
"1152","231","Bunyala Central","","23/08/2021","23/08/2021"
"1153","231","Bunyala North","","23/08/2021","23/08/2021"
"1154","231","Bunyala West","","23/08/2021","23/08/2021"
"1155","231","Bunyala South","","23/08/2021","23/08/2021"
"1156","232","West Ugenya","","23/08/2021","23/08/2021"
"1157","232","Ukwala","","23/08/2021","23/08/2021"
"1158","232","North Ugenya","","23/08/2021","23/08/2021"
"1159","232","East Ugenya","","23/08/2021","23/08/2021"
"1160","233","Sidindi","","23/08/2021","23/08/2021"
"1161","233","Sigomere","","23/08/2021","23/08/2021"
"1162","233","Ugunja","","23/08/2021","23/08/2021"
"1163","234","Usonga","","23/08/2021","23/08/2021"
"1164","234","West Alego","","23/08/2021","23/08/2021"
"1165","234","Central Alego","","23/08/2021","23/08/2021"
"1166","234","Siaya Township","","23/08/2021","23/08/2021"
"1167","234","North Alego","","23/08/2021","23/08/2021"
"1168","234","South East Alego","","23/08/2021","23/08/2021"
"1169","235","North Gem","","23/08/2021","23/08/2021"
"1170","235","West Gem","","23/08/2021","23/08/2021"
"1171","235","Central Gem","","23/08/2021","23/08/2021"
"1172","235","Yala Township","","23/08/2021","23/08/2021"
"1173","235","East Gem","","23/08/2021","23/08/2021"
"1174","235","South Gem","","23/08/2021","23/08/2021"
"1175","236","West Yimbo","","23/08/2021","23/08/2021"
"1176","236","Central Sakwa","","23/08/2021","23/08/2021"
"1177","236","South Sakwa","","23/08/2021","23/08/2021"
"1178","236","Yimbo East","","23/08/2021","23/08/2021"
"1179","236","West Sakwa","","23/08/2021","23/08/2021"
"1180","236","North Sakwa","","23/08/2021","23/08/2021"
"1181","237","East Asembo","","23/08/2021","23/08/2021"
"1182","237","West Asembo","","23/08/2021","23/08/2021"
"1183","237","North Uyoma","","23/08/2021","23/08/2021"
"1184","237","South Uyoma","","23/08/2021","23/08/2021"
"1185","237","West Uyoma","","23/08/2021","23/08/2021"
"1186","238","Kajulu","","23/08/2021","23/08/2021"
"1187","238","Kolwa East","","23/08/2021","23/08/2021"
"1188","238","Manyatta 'b'","","23/08/2021","23/08/2021"
"1189","238","Nyalenda 'a'","","23/08/2021","23/08/2021"
"1190","238","Kolwa Central","","23/08/2021","23/08/2021"
"1191","239","South West Kisumu","","23/08/2021","23/08/2021"
"1192","239","Central Kisumu","","23/08/2021","23/08/2021"
"1193","239","Kisumu North","","23/08/2021","23/08/2021"
"1194","239","West Kisumu","","23/08/2021","23/08/2021"
"1195","239","North West Kisumu","","23/08/2021","23/08/2021"
"1196","240","Railways","","23/08/2021","23/08/2021"
"1197","240","Migosi","","23/08/2021","23/08/2021"
"1198","240","Shaurimoyo Kaloleni","","23/08/2021","23/08/2021"
"1199","240","Market Milimani","","23/08/2021","23/08/2021"
"1200","240","Kondele","","23/08/2021","23/08/2021"
"1201","240","Nyalenda B","","23/08/2021","23/08/2021"
"1202","241","West Seme","","23/08/2021","23/08/2021"
"1203","241","Central Seme","","23/08/2021","23/08/2021"
"1204","241","East Seme","","23/08/2021","23/08/2021"
"1205","241","North Seme","","23/08/2021","23/08/2021"
"1206","242","East Kano/wawidhi","","23/08/2021","23/08/2021"
"1207","242","Awasi/onjiko","","23/08/2021","23/08/2021"
"1208","242","Ahero","","23/08/2021","23/08/2021"
"1209","242","Kabonyo/kanyagwal","","23/08/2021","23/08/2021"
"1210","242","Kobura","","23/08/2021","23/08/2021"
"1211","243","Miwani","","23/08/2021","23/08/2021"
"1212","243","Ombeyi","","23/08/2021","23/08/2021"
"1213","243","Masogo/nyang'oma","","23/08/2021","23/08/2021"
"1214","243","Chemelil","","23/08/2021","23/08/2021"
"1215","243","Muhoroni/koru","","23/08/2021","23/08/2021"
"1216","244","South West Nyakach","","23/08/2021","23/08/2021"
"1217","244","North Nyakach","","23/08/2021","23/08/2021"
"1218","244","Central Nyakach","","23/08/2021","23/08/2021"
"1219","244","West Nyakach","","23/08/2021","23/08/2021"
"1220","244","South East Nyakach","","23/08/2021","23/08/2021"
"1221","245","West Kasipul","","23/08/2021","23/08/2021"
"1222","245","South Kasipul","","23/08/2021","23/08/2021"
"1223","245","Central Kasipul","","23/08/2021","23/08/2021"
"1224","245","East Kamagak","","23/08/2021","23/08/2021"
"1225","245","West Kamagak","","23/08/2021","23/08/2021"
"1226","246","Kabondo East","","23/08/2021","23/08/2021"
"1227","246","Kabondo West","","23/08/2021","23/08/2021"
"1228","246","Kokwanyo/kakelo","","23/08/2021","23/08/2021"
"1229","246","Kojwach","","23/08/2021","23/08/2021"
"1230","247","West Karachuonyo","","23/08/2021","23/08/2021"
"1231","247","North Karachuonyo","","23/08/2021","23/08/2021"
"1232","247","Central","","23/08/2021","23/08/2021"
"1233","247","Kanyaluo","","23/08/2021","23/08/2021"
"1234","247","Kibiri","","23/08/2021","23/08/2021"
"1235","247","Wangchieng","","23/08/2021","23/08/2021"
"1236","247","Kendu Bay Town","","23/08/2021","23/08/2021"
"1237","248","West Gem","","23/08/2021","23/08/2021"
"1238","248","East Gem","","23/08/2021","23/08/2021"
"1239","248","Kagan","","23/08/2021","23/08/2021"
"1240","248","Kochia","","23/08/2021","23/08/2021"
"1241","249","Homa Bay Central","","23/08/2021","23/08/2021"
"1242","249","Homa Bay Arujo","","23/08/2021","23/08/2021"
"1243","249","Homa Bay West","","23/08/2021","23/08/2021"
"1244","249","Homa Bay East","","23/08/2021","23/08/2021"
"1245","250","Kwabwai","","23/08/2021","23/08/2021"
"1246","250","Kanyadoto","","23/08/2021","23/08/2021"
"1247","250","Kanyikela","","23/08/2021","23/08/2021"
"1248","250","North Kabuoch","","23/08/2021","23/08/2021"
"1249","250","Kabuoch South/pala","","23/08/2021","23/08/2021"
"1250","250","Kanyamwa Kologi","","23/08/2021","23/08/2021"
"1251","250","Kanyamwa Kosewe","","23/08/2021","23/08/2021"
"1252","251","Mfangano Island","","23/08/2021","23/08/2021"
"1253","251","Rusinga Island","","23/08/2021","23/08/2021"
"1254","251","Kasgunga","","23/08/2021","23/08/2021"
"1255","251","Gembe","","23/08/2021","23/08/2021"
"1256","251","Lambwe","","23/08/2021","23/08/2021"
"1257","252","Gwassi South","","23/08/2021","23/08/2021"
"1258","252","Gwassi North","","23/08/2021","23/08/2021"
"1259","252","Kaksingri West","","23/08/2021","23/08/2021"
"1260","252","Ruma Kaksingri East","","23/08/2021","23/08/2021"
"1261","253","North Kamagambo","","23/08/2021","23/08/2021"
"1262","253","Central Kamagambo","","23/08/2021","23/08/2021"
"1263","253","East Kamagambo","","23/08/2021","23/08/2021"
"1264","253","South Kamagambo","","23/08/2021","23/08/2021"
"1265","254","North Sakwa","","23/08/2021","23/08/2021"
"1266","254","South Sakwa","","23/08/2021","23/08/2021"
"1267","254","West Sakwa","","23/08/2021","23/08/2021"
"1268","254","Central Sakwa","","23/08/2021","23/08/2021"
"1269","255","God Jope","","23/08/2021","23/08/2021"
"1270","255","Suna Central","","23/08/2021","23/08/2021"
"1271","255","Kakrao","","23/08/2021","23/08/2021"
"1272","255","Kwa","","23/08/2021","23/08/2021"
"1273","256","Wiga","","23/08/2021","23/08/2021"
"1274","256","Wasweta Ii","","23/08/2021","23/08/2021"
"1275","256","Ragana-oruba","","23/08/2021","23/08/2021"
"1276","256","Wasimbete","","23/08/2021","23/08/2021"
"1277","257","West Kanyamkago","","23/08/2021","23/08/2021"
"1278","257","North Kanyamkago","","23/08/2021","23/08/2021"
"1279","257","Central Kanyamkago","","23/08/2021","23/08/2021"
"1280","257","South Kanyamkago","","23/08/2021","23/08/2021"
"1281","257","East Kanyamkago","","23/08/2021","23/08/2021"
"1282","258","Kachien'g","","23/08/2021","23/08/2021"
"1283","258","Kanyasa","","23/08/2021","23/08/2021"
"1284","258","North Kadem","","23/08/2021","23/08/2021"
"1285","258","Macalder/kanyarwanda","","23/08/2021","23/08/2021"
"1286","258","Kaler","","23/08/2021","23/08/2021"
"1287","258","Got Kachola","","23/08/2021","23/08/2021"
"1288","258","Muhuru","","23/08/2021","23/08/2021"
"1289","259","Bukira East","","23/08/2021","23/08/2021"
"1290","259","Bukira Centrl/ikerege","","23/08/2021","23/08/2021"
"1291","259","Isibania","","23/08/2021","23/08/2021"
"1292","259","Makerero","","23/08/2021","23/08/2021"
"1293","259","Masaba","","23/08/2021","23/08/2021"
"1294","259","Tagare","","23/08/2021","23/08/2021"
"1295","259","Nyamosense/komosoko","","23/08/2021","23/08/2021"
"1296","260","Gokeharaka/getambwega","","23/08/2021","23/08/2021"
"1297","260","Ntimaru West","","23/08/2021","23/08/2021"
"1298","260","Ntimaru East","","23/08/2021","23/08/2021"
"1299","260","Nyabasi East","","23/08/2021","23/08/2021"
"1300","260","Nyabasi West","","23/08/2021","23/08/2021"
"1301","261","Bomariba","","23/08/2021","23/08/2021"
"1302","261","Bogiakumu","","23/08/2021","23/08/2021"
"1303","261","Bomorenda","","23/08/2021","23/08/2021"
"1304","261","Riana","","23/08/2021","23/08/2021"
"1305","262","Tabaka","","23/08/2021","23/08/2021"
"1306","262","Boikang'a","","23/08/2021","23/08/2021"
"1307","262","Bogetenga","","23/08/2021","23/08/2021"
"1308","262","Borabu / Chitago","","23/08/2021","23/08/2021"
"1309","262","Moticho","","23/08/2021","23/08/2021"
"1310","262","Getenga","","23/08/2021","23/08/2021"
"1311","263","Bombaba Borabu","","23/08/2021","23/08/2021"
"1312","263","Boochi Borabu","","23/08/2021","23/08/2021"
"1313","263","Bokimonge","","23/08/2021","23/08/2021"
"1314","263","Magenche","","23/08/2021","23/08/2021"
"1315","264","Masige West","","23/08/2021","23/08/2021"
"1316","264","Masige East","","23/08/2021","23/08/2021"
"1317","264","Bobasi Central","","23/08/2021","23/08/2021"
"1318","264","Nyacheki","","23/08/2021","23/08/2021"
"1319","264","Bobasi Bogetaorio","","23/08/2021","23/08/2021"
"1320","264","Bobasi Chache","","23/08/2021","23/08/2021"
"1321","264","Sameta/mokwerero","","23/08/2021","23/08/2021"
"1322","264","Bobasi Boitangare","","23/08/2021","23/08/2021"
"1323","265","Majoge","","23/08/2021","23/08/2021"
"1324","265","Boochi/tendere","","23/08/2021","23/08/2021"
"1325","265","Bosoti/sengera","","23/08/2021","23/08/2021"
"1326","266","Ichuni","","23/08/2021","23/08/2021"
"1327","266","Nyamasibi","","23/08/2021","23/08/2021"
"1328","266","Masimba","","23/08/2021","23/08/2021"
"1329","266","Gesusu","","23/08/2021","23/08/2021"
"1330","266","Kiamokama","","23/08/2021","23/08/2021"
"1331","267","Bobaracho","","23/08/2021","23/08/2021"
"1332","267","Kisii Central","","23/08/2021","23/08/2021"
"1333","267","Keumbu","","23/08/2021","23/08/2021"
"1334","267","Kiogoro","","23/08/2021","23/08/2021"
"1335","267","Birongo","","23/08/2021","23/08/2021"
"1336","267","Ibeno","","23/08/2021","23/08/2021"
"1337","268","Monyerero","","23/08/2021","23/08/2021"
"1338","268","Sensi","","23/08/2021","23/08/2021"
"1339","268","Marani","","23/08/2021","23/08/2021"
"1340","268","Kegogi","","23/08/2021","23/08/2021"
"1341","269","Bogusero","","23/08/2021","23/08/2021"
"1342","269","Bogeka","","23/08/2021","23/08/2021"
"1343","269","Nyakoe","","23/08/2021","23/08/2021"
"1344","269","Kitutu   Central","","23/08/2021","23/08/2021"
"1345","269","Nyatieko","","23/08/2021","23/08/2021"
"1346","270","Rigoma","","23/08/2021","23/08/2021"
"1347","270","Gachuba","","23/08/2021","23/08/2021"
"1348","270","Kemera","","23/08/2021","23/08/2021"
"1349","270","Magombo","","23/08/2021","23/08/2021"
"1350","270","Manga","","23/08/2021","23/08/2021"
"1351","270","Gesima","","23/08/2021","23/08/2021"
"1352","271","Nyamaiya","","23/08/2021","23/08/2021"
"1353","271","Bogichora","","23/08/2021","23/08/2021"
"1354","271","Bosamaro","","23/08/2021","23/08/2021"
"1355","271","Bonyamatuta","","23/08/2021","23/08/2021"
"1356","271","Township","","23/08/2021","23/08/2021"
"1357","272","Itibo","","23/08/2021","23/08/2021"
"1358","272","Bomwagamo","","23/08/2021","23/08/2021"
"1359","272","Bokeira","","23/08/2021","23/08/2021"
"1360","272","Magwagwa","","23/08/2021","23/08/2021"
"1361","272","Ekerenyo","","23/08/2021","23/08/2021"
"1362","273","Mekenene","","23/08/2021","23/08/2021"
"1363","273","Kiabonyoru","","23/08/2021","23/08/2021"
"1364","273","Nyansiongo","","23/08/2021","23/08/2021"
"1365","273","Esise","","23/08/2021","23/08/2021"
"1366","274","Kitisuru","","23/08/2021","23/08/2021"
"1367","274","Parklands/highridge","","23/08/2021","23/08/2021"
"1368","274","Karura","","23/08/2021","23/08/2021"
"1369","274","Kangemi","","23/08/2021","23/08/2021"
"1370","274","Mountain View","","23/08/2021","23/08/2021"
"1371","275","Kilimani","","23/08/2021","23/08/2021"
"1372","275","Kawangware","","23/08/2021","23/08/2021"
"1373","275","Gatina","","23/08/2021","23/08/2021"
"1374","275","Kileleshwa","","23/08/2021","23/08/2021"
"1375","275","Kabiro","","23/08/2021","23/08/2021"
"1376","276","Mutuini","","23/08/2021","23/08/2021"
"1377","276","Ngando","","23/08/2021","23/08/2021"
"1378","276","Riruta","","23/08/2021","23/08/2021"
"1379","276","Uthiru/ruthimitu","","23/08/2021","23/08/2021"
"1380","276","Waithaka","","23/08/2021","23/08/2021"
"1381","277","Karen","","23/08/2021","23/08/2021"
"1382","277","Nairobi West","","23/08/2021","23/08/2021"
"1383","277","Mugumo-ini","","23/08/2021","23/08/2021"
"1384","277","South-c","","23/08/2021","23/08/2021"
"1385","277","Nyayo Highrise","","23/08/2021","23/08/2021"
"1386","278","Laini Saba","","23/08/2021","23/08/2021"
"1387","278","Lindi","","23/08/2021","23/08/2021"
"1388","278","Makina","","23/08/2021","23/08/2021"
"1389","278","Woodley/kenyatta Golf","","23/08/2021","23/08/2021"
"1390","278","Sarangombe","","23/08/2021","23/08/2021"
"1391","279","Githurai","","23/08/2021","23/08/2021"
"1392","279","Kahawa West","","23/08/2021","23/08/2021"
"1393","279","Zimmerman","","23/08/2021","23/08/2021"
"1394","279","Roysambu","","23/08/2021","23/08/2021"
"1395","279","Kahawa","","23/08/2021","23/08/2021"
"1396","280","Claycity","","23/08/2021","23/08/2021"
"1397","280","Mwiki","","23/08/2021","23/08/2021"
"1398","280","Kasarani","","23/08/2021","23/08/2021"
"1399","280","Njiru","","23/08/2021","23/08/2021"
"1400","280","Ruai","","23/08/2021","23/08/2021"
"1401","281","Baba Dogo","","23/08/2021","23/08/2021"
"1402","281","Utalii","","23/08/2021","23/08/2021"
"1403","281","Mathare North","","23/08/2021","23/08/2021"
"1404","281","Lucky Summer","","23/08/2021","23/08/2021"
"1405","281","Korogocho","","23/08/2021","23/08/2021"
"1406","282","Imara Daima","","23/08/2021","23/08/2021"
"1407","282","Kwa Njenga","","23/08/2021","23/08/2021"
"1408","282","Kwa Reuben","","23/08/2021","23/08/2021"
"1409","282","Pipeline","","23/08/2021","23/08/2021"
"1410","282","Kware","","23/08/2021","23/08/2021"
"1411","283","Kariobangi North","","23/08/2021","23/08/2021"
"1412","283","Dandora Area I","","23/08/2021","23/08/2021"
"1413","283","Dandora Area Ii","","23/08/2021","23/08/2021"
"1414","283","Dandora Area Iii","","23/08/2021","23/08/2021"
"1415","283","Dandora Area Iv","","23/08/2021","23/08/2021"
"1416","284","Kayole North","","23/08/2021","23/08/2021"
"1417","284","Kayole Central","","23/08/2021","23/08/2021"
"1418","284","Kayole South","","23/08/2021","23/08/2021"
"1419","284","Komarock","","23/08/2021","23/08/2021"
"1420","284","Matopeni","","23/08/2021","23/08/2021"
"1421","285","Upper Savannah","","23/08/2021","23/08/2021"
"1422","285","Lower Savannah","","23/08/2021","23/08/2021"
"1423","285","Embakasi","","23/08/2021","23/08/2021"
"1424","285","Utawala","","23/08/2021","23/08/2021"
"1425","285","Mihango","","23/08/2021","23/08/2021"
"1426","286","Umoja I","","23/08/2021","23/08/2021"
"1427","286","Umoja Ii","","23/08/2021","23/08/2021"
"1428","286","Mowlem","","23/08/2021","23/08/2021"
"1429","286","Kariobangi South","","23/08/2021","23/08/2021"
"1430","287","Makongeni","","23/08/2021","23/08/2021"
"1431","287","Maringo/hamza","","23/08/2021","23/08/2021"
"1432","287","Harambee","","23/08/2021","23/08/2021"
"1433","287","Viwandani","","23/08/2021","23/08/2021"
"1434","288","Pumwani","","23/08/2021","23/08/2021"
"1435","288","Eastleigh North","","23/08/2021","23/08/2021"
"1436","288","Eastleigh South","","23/08/2021","23/08/2021"
"1437","288","Airbase","","23/08/2021","23/08/2021"
"1438","288","California","","23/08/2021","23/08/2021"
"1439","289","Nairobi Central","","23/08/2021","23/08/2021"
"1440","289","Ngara","","23/08/2021","23/08/2021"
"1441","289","Ziwani/kariokor","","23/08/2021","23/08/2021"
"1442","289","Pangani","","23/08/2021","23/08/2021"
"1443","289","Landimawe","","23/08/2021","23/08/2021"
"1444","289","Nairobi South","","23/08/2021","23/08/2021"
"1445","290","Hospital","","23/08/2021","23/08/2021"
"1446","290","Mabatini","","23/08/2021","23/08/2021"
"1447","290","Huruma","","23/08/2021","23/08/2021"
"1448","290","Ngei","","23/08/2021","23/08/2021"
"1449","290","Mlango Kubwa","","23/08/2021","23/08/2021"
"1450","290","Kiamaiko","","23/08/2021","23/08/2021"
